<?xml version="1.0" encoding="UTF-8"?>

 <!DOCTYPE struts-config PUBLIC
       "-//Apache Software Foundation//DTD Struts Configuration 1.3//EN"
       "http://struts.apache.org/dtds/struts-config_1_3.dtd">
       
<struts-config>
       <form-beans>
       <form-bean name="helloForm" type= "shradha.struts.demo.form.HelloUserForm">
       </form-bean>
       </form-beans>
        
       <action-mappings>
       <action path="/hello" name="helloForm" type="shradha.struts.demo.action.HelloUserAction" input="/helloUser.jsp">
       <forward name="success" path="/welcomeUser.jsp">
       </forward>
       </action>
       </action-mappings>
       
       <message-resources parameter="shradha.struts.demo.msgResource.MessageBundle">
       </message-resources>
</struts-config>