<?xml version="1.0" encoding="UTF-8"?>
<!DOCTYPE hibernate-configuration PUBLIC "-//Hibernate/Hibernate Configuration DTD 3.0//EN"
        "http://www.hibernate.org/dtd/hibernate-configuration-3.0.dtd">
<hibernate-configuration>
    <session-factory>
        <property name="hibernate.connection.driver_class">org.postgresql.Driver</property>
        <property name="hibernate.connection.url"></property>
        <property name="hibernate.connection.username"></property>
        <property name="hibernate.connection.password"></property>
        <property name="hibernate.dialect">org.hibernate.dialect.PostgreSQL94Dialect</property>
        <property name="hibernate.show_sql">false</property>
        <property name="hibernate.format_sql">false</property>
        <property name="hibernate.current_session_context_class">thread</property>
        <mapping class="com.test.api.entities.User"/>
    </session-factory>
</hibernate-configuration>